"Tabela 6064 - Percentual de escolares frequentando o 9º ano do ensino fundamental que receberam orientação, na escola, sobre AIDS ou outras Doenças Sexualmente Transmissíveis (DST), por sexo e dependência administrativa da escola"
"Variável - Percentual de escolares frequentando o 9º ano do ensino fundamental que receberam orientação, na escola, sobre AIDS ou outras Doenças Sexualmente Transmissíveis (DST) (%)"
"Nível";"Cód.";"Brasil, Capital/não capital de Unidade da Federação, Grande Região, Unidade da Federação e Município";"Dependência administrativa da escola";"Ano x Sexo"
"Nível";"Cód.";"Brasil, Capital/não capital de Unidade da Federação, Grande Região, Unidade da Federação e Município";"Dependência administrativa da escola";"2015"
"Nível";"Cód.";"Brasil, Capital/não capital de Unidade da Federação, Grande Região, Unidade da Federação e Município";"Dependência administrativa da escola";"Total";"Masculino";"Feminino"
"BR";"1";"Brasil";"Total";"87,3";"86,2";"88,4"
"BR";"1";"Brasil";"Pública";"87,3";"85,9";"88,5"
"BR";"1";"Brasil";"Privada";"87,6";"87,9";"87,3"
"GR";"1";"Norte";"Total";"85,9";"85,0";"86,8"
"GR";"1";"Norte";"Pública";"85,8";"84,7";"86,8"
"GR";"1";"Norte";"Privada";"87,5";"88,3";"86,7"
"GR";"2";"Nordeste";"Total";"85,8";"84,9";"86,5"
"GR";"2";"Nordeste";"Pública";"85,7";"84,4";"86,8"
"GR";"2";"Nordeste";"Privada";"86,2";"87,7";"84,8"
"GR";"3";"Sudeste";"Total";"88,0";"86,7";"89,3"
"GR";"3";"Sudeste";"Pública";"87,9";"86,4";"89,3"
"GR";"3";"Sudeste";"Privada";"88,7";"88,1";"89,3"
"GR";"4";"Sul";"Total";"88,7";"87,7";"89,6"
"GR";"4";"Sul";"Pública";"89,2";"87,9";"90,4"
"GR";"4";"Sul";"Privada";"84,4";"86,2";"82,7"
"GR";"5";"Centro-Oeste";"Total";"88,5";"86,7";"90,3"
"GR";"5";"Centro-Oeste";"Pública";"88,4";"86,3";"90,4"
"GR";"5";"Centro-Oeste";"Privada";"89,3";"88,8";"89,7"
"UF";"11";"Rondônia";"Total";"88,8";"88,0";"89,5"
"UF";"11";"Rondônia";"Pública";"88,8";"87,8";"89,8"
"UF";"11";"Rondônia";"Privada";"88,5";"91,0";"86,4"
"UF";"12";"Acre";"Total";"90,9";"90,0";"91,8"
"UF";"12";"Acre";"Pública";"90,9";"90,2";"91,7"
"UF";"12";"Acre";"Privada";"90,4";"87,7";"92,8"
"UF";"13";"Amazonas";"Total";"87,4";"86,8";"87,9"
"UF";"13";"Amazonas";"Pública";"87,5";"86,9";"88,1"
"UF";"13";"Amazonas";"Privada";"85,6";"85,8";"85,4"
"UF";"14";"Roraima";"Total";"84,0";"82,8";"85,3"
"UF";"14";"Roraima";"Pública";"84,4";"83,2";"85,6"
"UF";"14";"Roraima";"Privada";"78,4";"77,9";"79,0"
"UF";"15";"Pará";"Total";"84,0";"83,2";"84,7"
"UF";"15";"Pará";"Pública";"83,4";"82,3";"84,5"
"UF";"15";"Pará";"Privada";"88,7";"90,2";"87,1"
"UF";"16";"Amapá";"Total";"85,0";"83,8";"86,1"
"UF";"16";"Amapá";"Pública";"85,4";"84,3";"86,5"
"UF";"16";"Amapá";"Privada";"80,8";"79,2";"82,6"
"UF";"17";"Tocantins";"Total";"87,2";"84,6";"89,7"
"UF";"17";"Tocantins";"Pública";"87,1";"84,3";"89,8"
"UF";"17";"Tocantins";"Privada";"88,7";"88,8";"88,6"
"UF";"21";"Maranhão";"Total";"86,6";"84,6";"88,2"
"UF";"21";"Maranhão";"Pública";"85,9";"83,7";"87,7"
"UF";"21";"Maranhão";"Privada";"93,1";"92,8";"93,4"
"UF";"22";"Piauí";"Total";"86,0";"85,5";"86,4"
"UF";"22";"Piauí";"Pública";"85,6";"84,9";"86,1"
"UF";"22";"Piauí";"Privada";"89,1";"89,8";"88,5"
"UF";"23";"Ceará";"Total";"86,3";"84,2";"88,4"
"UF";"23";"Ceará";"Pública";"87,5";"84,7";"90,1"
"UF";"23";"Ceará";"Privada";"79,6";"81,9";"77,1"
"UF";"24";"Rio Grande do Norte";"Total";"86,8";"86,0";"87,5"
"UF";"24";"Rio Grande do Norte";"Pública";"86,6";"85,4";"87,6"
"UF";"24";"Rio Grande do Norte";"Privada";"87,7";"88,5";"86,8"
"UF";"25";"Paraíba";"Total";"83,2";"82,3";"84,0"
"UF";"25";"Paraíba";"Pública";"83,2";"81,9";"84,2"
"UF";"25";"Paraíba";"Privada";"83,6";"84,3";"82,9"
"UF";"26";"Pernambuco";"Total";"81,4";"81,2";"81,6"
"UF";"26";"Pernambuco";"Pública";"81,0";"80,2";"81,8"
"UF";"26";"Pernambuco";"Privada";"83,2";"86,0";"80,6"
"UF";"27";"Alagoas";"Total";"89,0";"88,3";"89,5"
"UF";"27";"Alagoas";"Pública";"89,1";"88,6";"89,6"
"UF";"27";"Alagoas";"Privada";"88,2";"87,4";"89,0"
"UF";"28";"Sergipe";"Total";"90,0";"89,3";"90,5"
"UF";"28";"Sergipe";"Pública";"89,7";"88,9";"90,2"
"UF";"28";"Sergipe";"Privada";"91,2";"90,7";"91,7"
"UF";"29";"Bahia";"Total";"86,8";"87,1";"86,6"
"UF";"29";"Bahia";"Pública";"86,5";"86,3";"86,6"
"UF";"29";"Bahia";"Privada";"89,0";"91,6";"86,8"
"UF";"31";"Minas Gerais";"Total";"89,9";"88,6";"91,2"
"UF";"31";"Minas Gerais";"Pública";"89,5";"87,9";"91,0"
"UF";"31";"Minas Gerais";"Privada";"93,8";"94,0";"93,6"
"UF";"32";"Espírito Santo";"Total";"90,0";"89,5";"90,5"
"UF";"32";"Espírito Santo";"Pública";"90,4";"89,8";"90,9"
"UF";"32";"Espírito Santo";"Privada";"88,0";"88,1";"87,9"
"UF";"33";"Rio de Janeiro";"Total";"83,8";"83,0";"84,5"
"UF";"33";"Rio de Janeiro";"Pública";"83,8";"83,0";"84,6"
"UF";"33";"Rio de Janeiro";"Privada";"83,7";"83,0";"84,2"
"UF";"35";"São Paulo";"Total";"88,3";"86,7";"90,0"
"UF";"35";"São Paulo";"Pública";"87,9";"86,2";"89,7"
"UF";"35";"São Paulo";"Privada";"90,1";"88,8";"91,4"
"UF";"41";"Paraná";"Total";"87,8";"86,1";"89,7"
"UF";"41";"Paraná";"Pública";"87,9";"85,5";"90,4"
"UF";"41";"Paraná";"Privada";"87,5";"89,8";"85,2"
"UF";"42";"Santa Catarina";"Total";"89,3";"88,5";"90,1"
"UF";"42";"Santa Catarina";"Pública";"90,4";"89,2";"91,5"
"UF";"42";"Santa Catarina";"Privada";"80,7";"82,7";"79,1"
"UF";"43";"Rio Grande do Sul";"Total";"89,3";"89,6";"89,1"
"UF";"43";"Rio Grande do Sul";"Pública";"89,9";"90,2";"89,5"
"UF";"43";"Rio Grande do Sul";"Privada";"80,5";"80,1";"81,0"
"UF";"50";"Mato Grosso do Sul";"Total";"89,7";"88,4";"90,8"
"UF";"50";"Mato Grosso do Sul";"Pública";"89,6";"88,1";"91,0"
"UF";"50";"Mato Grosso do Sul";"Privada";"90,1";"91,5";"88,4"
"UF";"51";"Mato Grosso";"Total";"85,5";"81,9";"89,2"
"UF";"51";"Mato Grosso";"Pública";"85,5";"81,6";"89,3"
"UF";"51";"Mato Grosso";"Privada";"86,0";"85,0";"87,2"
"UF";"52";"Goiás";"Total";"90,8";"89,4";"92,2"
"UF";"52";"Goiás";"Pública";"90,5";"89,0";"92,1"
"UF";"52";"Goiás";"Privada";"92,1";"91,3";"92,8"
"UF";"53";"Distrito Federal";"Total";"86,3";"85,1";"87,5"
"UF";"53";"Distrito Federal";"Pública";"86,2";"84,7";"87,6"
"UF";"53";"Distrito Federal";"Privada";"86,7";"86,2";"87,1"
"MU";"1100205";"Porto Velho (RO)";"Total";"87,4";"86,9";"87,8"
"MU";"1100205";"Porto Velho (RO)";"Pública";"86,8";"86,2";"87,4"
"MU";"1100205";"Porto Velho (RO)";"Privada";"91,2";"91,6";"90,8"
"MU";"1200401";"Rio Branco (AC)";"Total";"90,9";"90,6";"91,3"
"MU";"1200401";"Rio Branco (AC)";"Pública";"91,0";"91,0";"91,0"
"MU";"1200401";"Rio Branco (AC)";"Privada";"90,4";"87,6";"93,0"
"MU";"1302603";"Manaus (AM)";"Total";"85,7";"85,5";"86,0"
"MU";"1302603";"Manaus (AM)";"Pública";"85,7";"85,1";"86,2"
"MU";"1302603";"Manaus (AM)";"Privada";"86,4";"88,8";"84,5"
"MU";"1400100";"Boa Vista (RR)";"Total";"84,0";"82,3";"85,7"
"MU";"1400100";"Boa Vista (RR)";"Pública";"84,6";"82,8";"86,3"
"MU";"1400100";"Boa Vista (RR)";"Privada";"78,4";"77,9";"79,0"
"MU";"1501402";"Belém (PA)";"Total";"78,5";"80,2";"77,0"
"MU";"1501402";"Belém (PA)";"Pública";"74,1";"76,1";"72,5"
"MU";"1501402";"Belém (PA)";"Privada";"88,2";"88,2";"88,3"
"MU";"1600303";"Macapá (AP)";"Total";"84,3";"83,3";"85,3"
"MU";"1600303";"Macapá (AP)";"Pública";"85,2";"84,3";"86,0"
"MU";"1600303";"Macapá (AP)";"Privada";"78,5";"76,4";"80,5"
"MU";"1721000";"Palmas (TO)";"Total";"85,9";"84,8";"86,9"
"MU";"1721000";"Palmas (TO)";"Pública";"86,1";"83,7";"88,1"
"MU";"1721000";"Palmas (TO)";"Privada";"85,5";"88,8";"82,2"
"MU";"2111300";"São Luís (MA)";"Total";"85,5";"84,8";"86,1"
"MU";"2111300";"São Luís (MA)";"Pública";"83,8";"82,8";"84,7"
"MU";"2111300";"São Luís (MA)";"Privada";"89,7";"89,7";"89,7"
"MU";"2211001";"Teresina (PI)";"Total";"84,5";"84,3";"84,6"
"MU";"2211001";"Teresina (PI)";"Pública";"83,1";"82,4";"83,6"
"MU";"2211001";"Teresina (PI)";"Privada";"87,3";"88,0";"86,7"
"MU";"2304400";"Fortaleza (CE)";"Total";"83,7";"84,5";"82,9"
"MU";"2304400";"Fortaleza (CE)";"Pública";"85,3";"85,3";"85,3"
"MU";"2304400";"Fortaleza (CE)";"Privada";"80,3";"83,0";"77,4"
"MU";"2408102";"Natal (RN)";"Total";"85,4";"86,2";"84,7"
"MU";"2408102";"Natal (RN)";"Pública";"84,3";"84,9";"83,6"
"MU";"2408102";"Natal (RN)";"Privada";"87,4";"88,4";"86,5"
"MU";"2507507";"João Pessoa (PB)";"Total";"85,0";"84,6";"85,3"
"MU";"2507507";"João Pessoa (PB)";"Pública";"86,6";"85,7";"87,3"
"MU";"2507507";"João Pessoa (PB)";"Privada";"82,5";"83,0";"82,0"
"MU";"2611606";"Recife (PE)";"Total";"81,0";"83,0";"79,3"
"MU";"2611606";"Recife (PE)";"Pública";"78,5";"80,6";"76,7"
"MU";"2611606";"Recife (PE)";"Privada";"85,3";"87,2";"83,6"
"MU";"2704302";"Maceió (AL)";"Total";"87,7";"87,0";"88,3"
"MU";"2704302";"Maceió (AL)";"Pública";"87,5";"86,0";"88,6"
"MU";"2704302";"Maceió (AL)";"Privada";"87,9";"88,0";"87,8"
"MU";"2800308";"Aracaju (SE)";"Total";"88,2";"88,3";"88,1"
"MU";"2800308";"Aracaju (SE)";"Pública";"86,3";"86,5";"86,1"
"MU";"2800308";"Aracaju (SE)";"Privada";"90,8";"90,6";"91,0"
"MU";"2927408";"Salvador (BA)";"Total";"84,7";"85,2";"84,2"
"MU";"2927408";"Salvador (BA)";"Pública";"82,7";"83,1";"82,4"
"MU";"2927408";"Salvador (BA)";"Privada";"88,6";"89,6";"87,8"
"MU";"3106200";"Belo Horizonte (MG)";"Total";"86,6";"84,9";"88,4"
"MU";"3106200";"Belo Horizonte (MG)";"Pública";"85,5";"83,4";"87,6"
"MU";"3106200";"Belo Horizonte (MG)";"Privada";"90,9";"90,4";"91,4"
"MU";"3205309";"Vitória (ES)";"Total";"85,9";"85,0";"86,7"
"MU";"3205309";"Vitória (ES)";"Pública";"85,0";"82,9";"87,0"
"MU";"3205309";"Vitória (ES)";"Privada";"87,5";"89,0";"86,1"
"MU";"3304557";"Rio de Janeiro (RJ)";"Total";"83,9";"83,0";"84,6"
"MU";"3304557";"Rio de Janeiro (RJ)";"Pública";"84,1";"82,8";"85,3"
"MU";"3304557";"Rio de Janeiro (RJ)";"Privada";"83,5";"83,5";"83,5"
"MU";"3550308";"São Paulo (SP)";"Total";"85,9";"85,0";"86,8"
"MU";"3550308";"São Paulo (SP)";"Pública";"84,6";"83,7";"85,4"
"MU";"3550308";"São Paulo (SP)";"Privada";"90,4";"89,6";"91,3"
"MU";"4106902";"Curitiba (PR)";"Total";"86,5";"86,2";"86,9"
"MU";"4106902";"Curitiba (PR)";"Pública";"85,4";"85,1";"85,6"
"MU";"4106902";"Curitiba (PR)";"Privada";"89,7";"89,2";"90,2"
"MU";"4205407";"Florianópolis (SC)";"Total";"88,0";"85,4";"90,2"
"MU";"4205407";"Florianópolis (SC)";"Pública";"87,6";"84,6";"90,4"
"MU";"4205407";"Florianópolis (SC)";"Privada";"88,7";"87,3";"89,9"
"MU";"4314902";"Porto Alegre (RS)";"Total";"83,8";"83,2";"84,4"
"MU";"4314902";"Porto Alegre (RS)";"Pública";"83,4";"82,7";"84,3"
"MU";"4314902";"Porto Alegre (RS)";"Privada";"88,1";"89,6";"86,4"
"MU";"5002704";"Campo Grande (MS)";"Total";"88,3";"88,1";"88,4"
"MU";"5002704";"Campo Grande (MS)";"Pública";"88,6";"88,1";"89,0"
"MU";"5002704";"Campo Grande (MS)";"Privada";"87,0";"88,3";"85,7"
"MU";"5103403";"Cuiabá (MT)";"Total";"81,6";"80,6";"82,5"
"MU";"5103403";"Cuiabá (MT)";"Pública";"81,3";"80,2";"82,4"
"MU";"5103403";"Cuiabá (MT)";"Privada";"82,6";"82,3";"83,0"
"MU";"5208707";"Goiânia (GO)";"Total";"87,7";"85,7";"89,8"
"MU";"5208707";"Goiânia (GO)";"Pública";"86,7";"83,7";"90,0"
"MU";"5208707";"Goiânia (GO)";"Privada";"89,3";"89,3";"89,4"
"MU";"5300108";"Brasília (DF)";"Total";"86,3";"85,1";"87,5"
"MU";"5300108";"Brasília (DF)";"Pública";"86,2";"84,7";"87,6"
"MU";"5300108";"Brasília (DF)";"Privada";"86,7";"86,2";"87,1"
"CJ";"1";"Capital de Unidade da Federação";"Total";"85,2";"84,7";"85,7"
"CJ";"1";"Capital de Unidade da Federação";"Pública";"84,5";"83,8";"85,2"
"CJ";"1";"Capital de Unidade da Federação";"Privada";"87,2";"87,3";"87,0"
"CJ";"2";"Não capital de Unidade da Federação";"Total";"87,9";"86,6";"89,1"
"CJ";"2";"Não capital de Unidade da Federação";"Pública";"87,9";"86,4";"89,3"
"CJ";"2";"Não capital de Unidade da Federação";"Privada";"87,9";"88,3";"87,5"
"Fonte: IBGE - Pesquisa Nacional de Saúde do Escolar"

"Tabela 6064 - Percentual de escolares frequentando o 9º ano do ensino fundamental que receberam orientação, na escola, sobre AIDS ou outras Doenças Sexualmente Transmissíveis (DST), por sexo e dependência administrativa da escola"
"Variável - Percentual de escolares frequentando o 9º ano do ensino fundamental que receberam orientação, na escola, sobre AIDS ou outras Doenças Sexualmente Transmissíveis (DST), considerando um intervalo de confiança de 95% - limite inferior (%)"
"Nível";"Cód.";"Brasil, Capital/não capital de Unidade da Federação, Grande Região, Unidade da Federação e Município";"Dependência administrativa da escola";"Ano x Sexo"
"Nível";"Cód.";"Brasil, Capital/não capital de Unidade da Federação, Grande Região, Unidade da Federação e Município";"Dependência administrativa da escola";"2015"
"Nível";"Cód.";"Brasil, Capital/não capital de Unidade da Federação, Grande Região, Unidade da Federação e Município";"Dependência administrativa da escola";"Total";"Masculino";"Feminino"
"BR";"1";"Brasil";"Total";"86,7";"85,5";"87,7"
"BR";"1";"Brasil";"Pública";"86,6";"85,1";"87,8"
"BR";"1";"Brasil";"Privada";"86,3";"86,3";"85,8"
"GR";"1";"Norte";"Total";"84,7";"83,5";"85,4"
"GR";"1";"Norte";"Pública";"84,5";"83,1";"85,3"
"GR";"1";"Norte";"Privada";"84,5";"85,0";"83,1"
"GR";"2";"Nordeste";"Total";"84,9";"83,9";"85,5"
"GR";"2";"Nordeste";"Pública";"84,8";"83,3";"85,7"
"GR";"2";"Nordeste";"Privada";"84,4";"85,9";"82,5"
"GR";"3";"Sudeste";"Total";"87,0";"85,4";"88,1"
"GR";"3";"Sudeste";"Pública";"86,7";"84,9";"87,9"
"GR";"3";"Sudeste";"Privada";"86,6";"85,1";"87,0"
"GR";"4";"Sul";"Total";"87,4";"86,2";"88,1"
"GR";"4";"Sul";"Pública";"87,9";"86,2";"89,0"
"GR";"4";"Sul";"Privada";"79,1";"81,4";"75,9"
"GR";"5";"Centro-Oeste";"Total";"87,4";"85,4";"89,2"
"GR";"5";"Centro-Oeste";"Pública";"87,2";"84,8";"89,3"
"GR";"5";"Centro-Oeste";"Privada";"86,5";"86,2";"86,1"
"UF";"11";"Rondônia";"Total";"87,0";"85,7";"87,4"
"UF";"11";"Rondônia";"Pública";"87,0";"85,4";"87,5"
"UF";"11";"Rondônia";"Privada";"82,5";"84,4";"80,2"
"UF";"12";"Acre";"Total";"89,4";"88,0";"90,1"
"UF";"12";"Acre";"Pública";"89,4";"88,1";"90,0"
"UF";"12";"Acre";"Privada";"84,5";"79,6";"86,7"
"UF";"13";"Amazonas";"Total";"85,3";"84,3";"85,7"
"UF";"13";"Amazonas";"Pública";"85,4";"84,3";"85,9"
"UF";"13";"Amazonas";"Privada";"78,8";"79,1";"73,9"
"UF";"14";"Roraima";"Total";"82,1";"80,6";"82,6"
"UF";"14";"Roraima";"Pública";"82,5";"80,8";"83,0"
"UF";"14";"Roraima";"Privada";"68,9";"75,0";"59,7"
"UF";"15";"Pará";"Total";"81,6";"80,1";"82,0"
"UF";"15";"Pará";"Pública";"80,8";"78,9";"81,5"
"UF";"15";"Pará";"Privada";"84,0";"84,8";"82,4"
"UF";"16";"Amapá";"Total";"83,3";"81,7";"84,0"
"UF";"16";"Amapá";"Pública";"83,6";"82,1";"84,2"
"UF";"16";"Amapá";"Privada";"75,3";"74,9";"73,7"
"UF";"17";"Tocantins";"Total";"85,0";"81,9";"87,0"
"UF";"17";"Tocantins";"Pública";"84,7";"81,5";"86,9"
"UF";"17";"Tocantins";"Privada";"84,6";"82,2";"84,4"
"UF";"21";"Maranhão";"Total";"84,6";"81,9";"86,3"
"UF";"21";"Maranhão";"Pública";"83,8";"80,8";"85,6"
"UF";"21";"Maranhão";"Privada";"90,1";"87,6";"90,6"
"UF";"22";"Piauí";"Total";"84,3";"83,4";"84,3"
"UF";"22";"Piauí";"Pública";"83,6";"82,6";"83,7"
"UF";"22";"Piauí";"Privada";"86,5";"86,1";"85,4"
"UF";"23";"Ceará";"Total";"84,7";"82,0";"86,3"
"UF";"23";"Ceará";"Pública";"85,8";"82,3";"88,1"
"UF";"23";"Ceará";"Privada";"74,7";"76,3";"70,4"
"UF";"24";"Rio Grande do Norte";"Total";"85,0";"83,8";"85,5"
"UF";"24";"Rio Grande do Norte";"Pública";"84,5";"82,8";"85,4"
"UF";"24";"Rio Grande do Norte";"Privada";"84,0";"84,5";"82,6"
"UF";"25";"Paraíba";"Total";"80,8";"79,9";"80,8"
"UF";"25";"Paraíba";"Pública";"80,2";"79,0";"80,5"
"UF";"25";"Paraíba";"Privada";"80,9";"81,2";"78,6"
"UF";"26";"Pernambuco";"Total";"78,8";"78,4";"78,4"
"UF";"26";"Pernambuco";"Pública";"78,1";"76,9";"78,3"
"UF";"26";"Pernambuco";"Privada";"77,3";"80,7";"73,1"
"UF";"27";"Alagoas";"Total";"86,8";"85,6";"87,4"
"UF";"27";"Alagoas";"Pública";"86,5";"85,2";"87,2"
"UF";"27";"Alagoas";"Privada";"85,4";"84,4";"85,4"
"UF";"28";"Sergipe";"Total";"88,5";"87,4";"88,9"
"UF";"28";"Sergipe";"Pública";"88,1";"86,8";"88,5"
"UF";"28";"Sergipe";"Privada";"87,2";"86,0";"87,9"
"UF";"29";"Bahia";"Total";"84,7";"84,7";"83,9"
"UF";"29";"Bahia";"Pública";"84,1";"83,6";"83,6"
"UF";"29";"Bahia";"Privada";"85,2";"88,4";"81,7"
"UF";"31";"Minas Gerais";"Total";"87,9";"86,2";"89,0"
"UF";"31";"Minas Gerais";"Pública";"87,3";"85,3";"88,6"
"UF";"31";"Minas Gerais";"Privada";"91,3";"91,7";"89,5"
"UF";"32";"Espírito Santo";"Total";"88,5";"87,5";"88,6"
"UF";"32";"Espírito Santo";"Pública";"88,7";"87,5";"88,9"
"UF";"32";"Espírito Santo";"Privada";"84,4";"84,4";"83,6"
"UF";"33";"Rio de Janeiro";"Total";"81,8";"80,7";"82,1"
"UF";"33";"Rio de Janeiro";"Pública";"81,4";"80,2";"81,6"
"UF";"33";"Rio de Janeiro";"Privada";"80,1";"79,3";"80,0"
"UF";"35";"São Paulo";"Total";"86,7";"84,6";"88,0"
"UF";"35";"São Paulo";"Pública";"86,1";"84,0";"87,5"
"UF";"35";"São Paulo";"Privada";"86,6";"83,5";"87,8"
"UF";"41";"Paraná";"Total";"85,8";"83,5";"87,3"
"UF";"41";"Paraná";"Pública";"85,6";"82,6";"87,9"
"UF";"41";"Paraná";"Privada";"82,8";"85,6";"77,1"
"UF";"42";"Santa Catarina";"Total";"86,9";"85,6";"87,6"
"UF";"42";"Santa Catarina";"Pública";"88,6";"86,5";"89,7"
"UF";"42";"Santa Catarina";"Privada";"65,5";"67,6";"63,2"
"UF";"43";"Rio Grande do Sul";"Total";"87,1";"87,1";"86,3"
"UF";"43";"Rio Grande do Sul";"Pública";"87,6";"87,7";"86,7"
"UF";"43";"Rio Grande do Sul";"Privada";"72,0";"71,4";"71,6"
"UF";"50";"Mato Grosso do Sul";"Total";"87,2";"85,5";"88,4"
"UF";"50";"Mato Grosso do Sul";"Pública";"86,9";"84,9";"88,5"
"UF";"50";"Mato Grosso do Sul";"Privada";"84,0";"85,6";"79,1"
"UF";"51";"Mato Grosso";"Total";"83,4";"79,3";"86,9"
"UF";"51";"Mato Grosso";"Pública";"83,2";"78,7";"87,0"
"UF";"51";"Mato Grosso";"Privada";"80,7";"80,9";"79,5"
"UF";"52";"Goiás";"Total";"89,4";"87,7";"90,7"
"UF";"52";"Goiás";"Pública";"89,0";"87,1";"90,3"
"UF";"52";"Goiás";"Privada";"89,9";"88,3";"90,1"
"UF";"53";"Distrito Federal";"Total";"83,2";"81,2";"84,4"
"UF";"53";"Distrito Federal";"Pública";"82,8";"80,1";"85,0"
"UF";"53";"Distrito Federal";"Privada";"79,4";"79,7";"77,9"
"MU";"1100205";"Porto Velho (RO)";"Total";"84,8";"83,9";"84,8"
"MU";"1100205";"Porto Velho (RO)";"Pública";"83,9";"82,8";"84,0"
"MU";"1100205";"Porto Velho (RO)";"Privada";"87,9";"87,4";"86,1"
"MU";"1200401";"Rio Branco (AC)";"Total";"89,1";"88,1";"89,0"
"MU";"1200401";"Rio Branco (AC)";"Pública";"89,1";"88,5";"88,6"
"MU";"1200401";"Rio Branco (AC)";"Privada";"84,1";"78,8";"86,4"
"MU";"1302603";"Manaus (AM)";"Total";"82,6";"81,6";"82,6"
"MU";"1302603";"Manaus (AM)";"Pública";"82,2";"80,8";"82,8"
"MU";"1302603";"Manaus (AM)";"Privada";"79,1";"81,5";"72,2"
"MU";"1400100";"Boa Vista (RR)";"Total";"81,6";"79,4";"82,3"
"MU";"1400100";"Boa Vista (RR)";"Pública";"82,2";"79,6";"83,0"
"MU";"1400100";"Boa Vista (RR)";"Privada";"68,9";"75,0";"59,7"
"MU";"1501402";"Belém (PA)";"Total";"75,2";"76,1";"73,2"
"MU";"1501402";"Belém (PA)";"Pública";"70,4";"71,6";"67,7"
"MU";"1501402";"Belém (PA)";"Privada";"82,2";"80,3";"83,4"
"MU";"1600303";"Macapá (AP)";"Total";"82,1";"80,4";"82,4"
"MU";"1600303";"Macapá (AP)";"Pública";"82,7";"81,1";"83,0"
"MU";"1600303";"Macapá (AP)";"Privada";"71,7";"71,7";"69,6"
"MU";"1721000";"Palmas (TO)";"Total";"83,9";"81,8";"84,3"
"MU";"1721000";"Palmas (TO)";"Pública";"84,0";"80,3";"85,5"
"MU";"1721000";"Palmas (TO)";"Privada";"80,1";"82,1";"74,4"
"MU";"2111300";"São Luís (MA)";"Total";"83,0";"81,1";"83,5"
"MU";"2111300";"São Luís (MA)";"Pública";"80,8";"78,6";"81,4"
"MU";"2111300";"São Luís (MA)";"Privada";"84,6";"82,0";"85,1"
"MU";"2211001";"Teresina (PI)";"Total";"82,1";"81,5";"81,5"
"MU";"2211001";"Teresina (PI)";"Pública";"79,9";"78,7";"79,4"
"MU";"2211001";"Teresina (PI)";"Privada";"84,3";"84,1";"82,5"
"MU";"2304400";"Fortaleza (CE)";"Total";"80,0";"80,9";"78,1"
"MU";"2304400";"Fortaleza (CE)";"Pública";"81,0";"81,2";"79,5"
"MU";"2304400";"Fortaleza (CE)";"Privada";"73,8";"76,1";"69,5"
"MU";"2408102";"Natal (RN)";"Total";"82,4";"83,2";"81,0"
"MU";"2408102";"Natal (RN)";"Pública";"80,1";"81,0";"78,7"
"MU";"2408102";"Natal (RN)";"Privada";"83,3";"84,3";"81,1"
"MU";"2507507";"João Pessoa (PB)";"Total";"82,6";"81,4";"83,1"
"MU";"2507507";"João Pessoa (PB)";"Pública";"83,9";"82,0";"84,8"
"MU";"2507507";"João Pessoa (PB)";"Privada";"78,1";"77,3";"77,7"
"MU";"2611606";"Recife (PE)";"Total";"78,2";"80,1";"75,9"
"MU";"2611606";"Recife (PE)";"Pública";"74,6";"76,9";"72,1"
"MU";"2611606";"Recife (PE)";"Privada";"81,1";"82,6";"78,6"
"MU";"2704302";"Maceió (AL)";"Total";"85,7";"84,8";"85,7"
"MU";"2704302";"Maceió (AL)";"Pública";"85,2";"83,0";"86,0"
"MU";"2704302";"Maceió (AL)";"Privada";"84,5";"84,7";"83,1"
"MU";"2800308";"Aracaju (SE)";"Total";"85,8";"85,8";"85,0"
"MU";"2800308";"Aracaju (SE)";"Pública";"83,4";"83,3";"82,1"
"MU";"2800308";"Aracaju (SE)";"Privada";"87,1";"86,8";"86,6"
"MU";"2927408";"Salvador (BA)";"Total";"81,9";"82,1";"80,8"
"MU";"2927408";"Salvador (BA)";"Pública";"79,0";"78,9";"78,1"
"MU";"2927408";"Salvador (BA)";"Privada";"85,1";"85,3";"82,7"
"MU";"3106200";"Belo Horizonte (MG)";"Total";"83,5";"81,4";"85,3"
"MU";"3106200";"Belo Horizonte (MG)";"Pública";"81,6";"79,2";"83,7"
"MU";"3106200";"Belo Horizonte (MG)";"Privada";"87,3";"86,7";"87,1"
"MU";"3205309";"Vitória (ES)";"Total";"83,4";"81,6";"83,9"
"MU";"3205309";"Vitória (ES)";"Pública";"82,0";"78,2";"84,0"
"MU";"3205309";"Vitória (ES)";"Privada";"83,1";"84,9";"80,3"
"MU";"3304557";"Rio de Janeiro (RJ)";"Total";"80,5";"79,9";"80,3"
"MU";"3304557";"Rio de Janeiro (RJ)";"Pública";"79,8";"78,9";"79,8"
"MU";"3304557";"Rio de Janeiro (RJ)";"Privada";"78,0";"78,2";"76,6"
"MU";"3550308";"São Paulo (SP)";"Total";"82,8";"81,9";"82,8"
"MU";"3550308";"São Paulo (SP)";"Pública";"81,0";"80,0";"80,6"
"MU";"3550308";"São Paulo (SP)";"Privada";"84,8";"83,4";"85,5"
"MU";"4106902";"Curitiba (PR)";"Total";"84,4";"83,6";"84,4"
"MU";"4106902";"Curitiba (PR)";"Pública";"82,6";"81,8";"82,4"
"MU";"4106902";"Curitiba (PR)";"Privada";"86,7";"85,5";"87,4"
"MU";"4205407";"Florianópolis (SC)";"Total";"84,8";"81,9";"86,7"
"MU";"4205407";"Florianópolis (SC)";"Pública";"84,3";"80,9";"86,3"
"MU";"4205407";"Florianópolis (SC)";"Privada";"81,7";"79,5";"83,1"
"MU";"4314902";"Porto Alegre (RS)";"Total";"79,4";"79,1";"78,4"
"MU";"4314902";"Porto Alegre (RS)";"Pública";"78,7";"78,2";"77,8"
"MU";"4314902";"Porto Alegre (RS)";"Privada";"81,6";"84,0";"77,4"
"MU";"5002704";"Campo Grande (MS)";"Total";"85,8";"85,4";"85,1"
"MU";"5002704";"Campo Grande (MS)";"Pública";"86,2";"85,3";"86,0"
"MU";"5002704";"Campo Grande (MS)";"Privada";"77,9";"79,2";"73,4"
"MU";"5103403";"Cuiabá (MT)";"Total";"78,6";"77,2";"79,1"
"MU";"5103403";"Cuiabá (MT)";"Pública";"77,9";"76,2";"78,4"
"MU";"5103403";"Cuiabá (MT)";"Privada";"76,3";"75,4";"76,8"
"MU";"5208707";"Goiânia (GO)";"Total";"85,7";"83,2";"87,4"
"MU";"5208707";"Goiânia (GO)";"Pública";"84,4";"80,5";"87,4"
"MU";"5208707";"Goiânia (GO)";"Privada";"85,8";"85,6";"84,9"
"MU";"5300108";"Brasília (DF)";"Total";"83,2";"81,2";"84,4"
"MU";"5300108";"Brasília (DF)";"Pública";"82,8";"80,1";"85,0"
"MU";"5300108";"Brasília (DF)";"Privada";"79,4";"79,7";"77,9"
"CJ";"1";"Capital de Unidade da Federação";"Total";"84,2";"83,6";"84,5"
"CJ";"1";"Capital de Unidade da Federação";"Pública";"83,3";"82,4";"83,7"
"CJ";"1";"Capital de Unidade da Federação";"Privada";"85,5";"85,6";"85,0"
"CJ";"2";"Não capital de Unidade da Federação";"Total";"87,3";"85,8";"88,4"
"CJ";"2";"Não capital de Unidade da Federação";"Pública";"87,2";"85,5";"88,5"
"CJ";"2";"Não capital de Unidade da Federação";"Privada";"86,1";"85,8";"85,4"
"Fonte: IBGE - Pesquisa Nacional de Saúde do Escolar"

"Tabela 6064 - Percentual de escolares frequentando o 9º ano do ensino fundamental que receberam orientação, na escola, sobre AIDS ou outras Doenças Sexualmente Transmissíveis (DST), por sexo e dependência administrativa da escola"
"Variável - Percentual de escolares frequentando o 9º ano do ensino fundamental que receberam orientação, na escola, sobre AIDS ou outras Doenças Sexualmente Transmissíveis (DST), considerando um intervalo de confiança de 95% - limite superior (%)"
"Nível";"Cód.";"Brasil, Capital/não capital de Unidade da Federação, Grande Região, Unidade da Federação e Município";"Dependência administrativa da escola";"Ano x Sexo"
"Nível";"Cód.";"Brasil, Capital/não capital de Unidade da Federação, Grande Região, Unidade da Federação e Município";"Dependência administrativa da escola";"2015"
"Nível";"Cód.";"Brasil, Capital/não capital de Unidade da Federação, Grande Região, Unidade da Federação e Município";"Dependência administrativa da escola";"Total";"Masculino";"Feminino"
"BR";"1";"Brasil";"Total";"87,9";"86,9";"89,0"
"BR";"1";"Brasil";"Pública";"87,9";"86,6";"89,3"
"BR";"1";"Brasil";"Privada";"88,9";"89,5";"88,8"
"GR";"1";"Norte";"Total";"87,1";"86,5";"88,2"
"GR";"1";"Norte";"Pública";"87,1";"86,3";"88,3"
"GR";"1";"Norte";"Privada";"90,5";"91,7";"90,3"
"GR";"2";"Nordeste";"Total";"86,6";"85,9";"87,5"
"GR";"2";"Nordeste";"Pública";"86,6";"85,5";"87,9"
"GR";"2";"Nordeste";"Privada";"88,0";"89,5";"87,1"
"GR";"3";"Sudeste";"Total";"89,1";"88,0";"90,6"
"GR";"3";"Sudeste";"Pública";"89,1";"87,8";"90,8"
"GR";"3";"Sudeste";"Privada";"90,8";"91,1";"91,6"
"GR";"4";"Sul";"Total";"90,0";"89,3";"91,1"
"GR";"4";"Sul";"Pública";"90,5";"89,5";"91,8"
"GR";"4";"Sul";"Privada";"89,7";"91,1";"89,4"
"GR";"5";"Centro-Oeste";"Total";"89,6";"88,0";"91,4"
"GR";"5";"Centro-Oeste";"Pública";"89,5";"87,7";"91,5"
"GR";"5";"Centro-Oeste";"Privada";"92,1";"91,4";"93,4"
"UF";"11";"Rondônia";"Total";"90,6";"90,3";"91,7"
"UF";"11";"Rondônia";"Pública";"90,6";"90,2";"92,0"
"UF";"11";"Rondônia";"Privada";"94,6";"97,7";"92,7"
"UF";"12";"Acre";"Total";"92,4";"92,1";"93,4"
"UF";"12";"Acre";"Pública";"92,5";"92,3";"93,4"
"UF";"12";"Acre";"Privada";"96,3";"95,8";"99,0"
"UF";"13";"Amazonas";"Total";"89,4";"89,2";"90,1"
"UF";"13";"Amazonas";"Pública";"89,6";"89,4";"90,3"
"UF";"13";"Amazonas";"Privada";"92,4";"92,4";"97,0"
"UF";"14";"Roraima";"Total";"85,9";"85,0";"88,0"
"UF";"14";"Roraima";"Pública";"86,3";"85,5";"88,2"
"UF";"14";"Roraima";"Privada";"87,9";"80,8";"98,3"
"UF";"15";"Pará";"Total";"86,4";"86,2";"87,5"
"UF";"15";"Pará";"Pública";"86,0";"85,6";"87,5"
"UF";"15";"Pará";"Privada";"93,3";"95,7";"91,8"
"UF";"16";"Amapá";"Total";"86,7";"85,9";"88,3"
"UF";"16";"Amapá";"Pública";"87,3";"86,6";"88,7"
"UF";"16";"Amapá";"Privada";"86,4";"83,5";"91,4"
"UF";"17";"Tocantins";"Total";"89,4";"87,2";"92,4"
"UF";"17";"Tocantins";"Pública";"89,4";"87,1";"92,7"
"UF";"17";"Tocantins";"Privada";"92,7";"95,3";"92,8"
"UF";"21";"Maranhão";"Total";"88,5";"87,3";"90,1"
"UF";"21";"Maranhão";"Pública";"88,1";"86,7";"89,8"
"UF";"21";"Maranhão";"Privada";"96,2";"98,0";"96,2"
"UF";"22";"Piauí";"Total";"87,7";"87,6";"88,6"
"UF";"22";"Piauí";"Pública";"87,5";"87,3";"88,6"
"UF";"22";"Piauí";"Privada";"91,7";"93,5";"91,5"
"UF";"23";"Ceará";"Total";"88,0";"86,4";"90,4"
"UF";"23";"Ceará";"Pública";"89,2";"87,1";"92,2"
"UF";"23";"Ceará";"Privada";"84,5";"87,5";"83,8"
"UF";"24";"Rio Grande do Norte";"Total";"88,6";"88,2";"89,4"
"UF";"24";"Rio Grande do Norte";"Pública";"88,7";"88,0";"89,8"
"UF";"24";"Rio Grande do Norte";"Privada";"91,3";"92,5";"91,1"
"UF";"25";"Paraíba";"Total";"85,7";"84,7";"87,2"
"UF";"25";"Paraíba";"Pública";"86,1";"84,7";"87,9"
"UF";"25";"Paraíba";"Privada";"86,3";"87,5";"87,1"
"UF";"26";"Pernambuco";"Total";"84,0";"84,0";"84,7"
"UF";"26";"Pernambuco";"Pública";"83,9";"83,4";"85,3"
"UF";"26";"Pernambuco";"Privada";"89,1";"91,3";"88,2"
"UF";"27";"Alagoas";"Total";"91,1";"91,1";"91,6"
"UF";"27";"Alagoas";"Pública";"91,7";"92,0";"92,1"
"UF";"27";"Alagoas";"Privada";"91,0";"90,4";"92,6"
"UF";"28";"Sergipe";"Total";"91,5";"91,3";"92,1"
"UF";"28";"Sergipe";"Pública";"91,3";"91,1";"92,0"
"UF";"28";"Sergipe";"Privada";"95,1";"95,4";"95,4"
"UF";"29";"Bahia";"Total";"88,9";"89,5";"89,3"
"UF";"29";"Bahia";"Pública";"88,8";"89,0";"89,6"
"UF";"29";"Bahia";"Privada";"92,8";"94,9";"91,9"
"UF";"31";"Minas Gerais";"Total";"91,9";"91,0";"93,5"
"UF";"31";"Minas Gerais";"Pública";"91,7";"90,6";"93,4"
"UF";"31";"Minas Gerais";"Privada";"96,3";"96,2";"97,7"
"UF";"32";"Espírito Santo";"Total";"91,6";"91,5";"92,4"
"UF";"32";"Espírito Santo";"Pública";"92,0";"92,0";"93,0"
"UF";"32";"Espírito Santo";"Privada";"91,6";"91,8";"92,2"
"UF";"33";"Rio de Janeiro";"Total";"85,8";"85,3";"86,9"
"UF";"33";"Rio de Janeiro";"Pública";"86,3";"85,8";"87,6"
"UF";"33";"Rio de Janeiro";"Privada";"87,3";"86,8";"88,5"
"UF";"35";"São Paulo";"Total";"89,9";"88,7";"91,9"
"UF";"35";"São Paulo";"Pública";"89,7";"88,4";"91,9"
"UF";"35";"São Paulo";"Privada";"93,5";"94,1";"94,9"
"UF";"41";"Paraná";"Total";"89,9";"88,7";"92,1"
"UF";"41";"Paraná";"Pública";"90,1";"88,4";"92,8"
"UF";"41";"Paraná";"Privada";"92,3";"93,9";"93,3"
"UF";"42";"Santa Catarina";"Total";"91,8";"91,4";"92,6"
"UF";"42";"Santa Catarina";"Pública";"92,3";"91,8";"93,4"
"UF";"42";"Santa Catarina";"Privada";"96,0";"97,8";"95,0"
"UF";"43";"Rio Grande do Sul";"Total";"91,6";"92,0";"91,9"
"UF";"43";"Rio Grande do Sul";"Pública";"92,2";"92,7";"92,4"
"UF";"43";"Rio Grande do Sul";"Privada";"89,1";"88,7";"90,5"
"UF";"50";"Mato Grosso do Sul";"Total";"92,1";"91,4";"93,2"
"UF";"50";"Mato Grosso do Sul";"Pública";"92,3";"91,3";"93,5"
"UF";"50";"Mato Grosso do Sul";"Privada";"96,1";"97,4";"97,7"
"UF";"51";"Mato Grosso";"Total";"87,6";"84,6";"91,4"
"UF";"51";"Mato Grosso";"Pública";"87,7";"84,5";"91,6"
"UF";"51";"Mato Grosso";"Privada";"91,3";"89,2";"94,8"
"UF";"52";"Goiás";"Total";"92,1";"91,1";"93,7"
"UF";"52";"Goiás";"Pública";"92,1";"91,0";"93,9"
"UF";"52";"Goiás";"Privada";"94,3";"94,3";"95,5"
"UF";"53";"Distrito Federal";"Total";"89,5";"88,9";"90,6"
"UF";"53";"Distrito Federal";"Pública";"89,7";"89,3";"90,3"
"UF";"53";"Distrito Federal";"Privada";"94,0";"92,6";"96,4"
"MU";"1100205";"Porto Velho (RO)";"Total";"90,0";"89,8";"90,8"
"MU";"1100205";"Porto Velho (RO)";"Pública";"89,8";"89,5";"90,8"
"MU";"1100205";"Porto Velho (RO)";"Privada";"94,4";"95,8";"95,5"
"MU";"1200401";"Rio Branco (AC)";"Total";"92,8";"93,0";"93,6"
"MU";"1200401";"Rio Branco (AC)";"Pública";"92,9";"93,5";"93,4"
"MU";"1200401";"Rio Branco (AC)";"Privada";"96,8";"96,3";"99,7"
"MU";"1302603";"Manaus (AM)";"Total";"88,9";"89,5";"89,3"
"MU";"1302603";"Manaus (AM)";"Pública";"89,1";"89,5";"89,6"
"MU";"1302603";"Manaus (AM)";"Privada";"93,8";"96,2";"96,7"
"MU";"1400100";"Boa Vista (RR)";"Total";"86,4";"85,2";"89,1"
"MU";"1400100";"Boa Vista (RR)";"Pública";"87,0";"86,0";"89,5"
"MU";"1400100";"Boa Vista (RR)";"Privada";"87,9";"80,8";"98,3"
"MU";"1501402";"Belém (PA)";"Total";"81,9";"84,4";"80,8"
"MU";"1501402";"Belém (PA)";"Pública";"77,9";"80,6";"77,3"
"MU";"1501402";"Belém (PA)";"Privada";"94,2";"96,0";"93,1"
"MU";"1600303";"Macapá (AP)";"Total";"86,6";"86,2";"88,1"
"MU";"1600303";"Macapá (AP)";"Pública";"87,6";"87,5";"88,9"
"MU";"1600303";"Macapá (AP)";"Privada";"85,3";"81,1";"91,3"
"MU";"1721000";"Palmas (TO)";"Total";"87,9";"87,8";"89,5"
"MU";"1721000";"Palmas (TO)";"Pública";"88,2";"87,0";"90,6"
"MU";"1721000";"Palmas (TO)";"Privada";"90,8";"95,5";"90,1"
"MU";"2111300";"São Luís (MA)";"Total";"88,0";"88,5";"88,8"
"MU";"2111300";"São Luís (MA)";"Pública";"86,7";"87,0";"87,9"
"MU";"2111300";"São Luís (MA)";"Privada";"94,8";"97,5";"94,2"
"MU";"2211001";"Teresina (PI)";"Total";"86,8";"87,1";"87,8"
"MU";"2211001";"Teresina (PI)";"Pública";"86,2";"86,1";"87,8"
"MU";"2211001";"Teresina (PI)";"Privada";"90,3";"91,9";"90,8"
"MU";"2304400";"Fortaleza (CE)";"Total";"87,3";"88,1";"87,6"
"MU";"2304400";"Fortaleza (CE)";"Pública";"89,6";"89,4";"91,1"
"MU";"2304400";"Fortaleza (CE)";"Privada";"86,8";"89,9";"85,2"
"MU";"2408102";"Natal (RN)";"Total";"88,5";"89,1";"88,4"
"MU";"2408102";"Natal (RN)";"Pública";"88,4";"88,8";"88,5"
"MU";"2408102";"Natal (RN)";"Privada";"91,6";"92,6";"91,9"
"MU";"2507507";"João Pessoa (PB)";"Total";"87,3";"87,8";"87,5"
"MU";"2507507";"João Pessoa (PB)";"Pública";"89,2";"89,3";"89,8"
"MU";"2507507";"João Pessoa (PB)";"Privada";"86,9";"88,7";"86,4"
"MU";"2611606";"Recife (PE)";"Total";"83,9";"85,9";"82,7"
"MU";"2611606";"Recife (PE)";"Pública";"82,4";"84,3";"81,2"
"MU";"2611606";"Recife (PE)";"Privada";"89,4";"91,8";"88,6"
"MU";"2704302";"Maceió (AL)";"Total";"89,7";"89,2";"90,9"
"MU";"2704302";"Maceió (AL)";"Pública";"89,7";"89,0";"91,3"
"MU";"2704302";"Maceió (AL)";"Privada";"91,2";"91,3";"92,6"
"MU";"2800308";"Aracaju (SE)";"Total";"90,5";"90,7";"91,1"
"MU";"2800308";"Aracaju (SE)";"Pública";"89,2";"89,6";"90,2"
"MU";"2800308";"Aracaju (SE)";"Privada";"94,5";"94,4";"95,4"
"MU";"2927408";"Salvador (BA)";"Total";"87,4";"88,3";"87,6"
"MU";"2927408";"Salvador (BA)";"Pública";"86,5";"87,4";"86,7"
"MU";"2927408";"Salvador (BA)";"Privada";"92,1";"93,8";"92,8"
"MU";"3106200";"Belo Horizonte (MG)";"Total";"89,8";"88,3";"91,6"
"MU";"3106200";"Belo Horizonte (MG)";"Pública";"89,3";"87,6";"91,5"
"MU";"3106200";"Belo Horizonte (MG)";"Privada";"94,5";"94,1";"95,7"
"MU";"3205309";"Vitória (ES)";"Total";"88,4";"88,4";"89,5"
"MU";"3205309";"Vitória (ES)";"Pública";"88,1";"87,6";"90,0"
"MU";"3205309";"Vitória (ES)";"Privada";"91,9";"93,0";"92,0"
"MU";"3304557";"Rio de Janeiro (RJ)";"Total";"87,2";"86,2";"88,9"
"MU";"3304557";"Rio de Janeiro (RJ)";"Pública";"88,3";"86,7";"90,8"
"MU";"3304557";"Rio de Janeiro (RJ)";"Privada";"89,0";"88,7";"90,5"
"MU";"3550308";"São Paulo (SP)";"Total";"88,9";"88,2";"90,7"
"MU";"3550308";"São Paulo (SP)";"Pública";"88,2";"87,5";"90,2"
"MU";"3550308";"São Paulo (SP)";"Privada";"96,0";"95,7";"97,1"
"MU";"4106902";"Curitiba (PR)";"Total";"88,7";"88,9";"89,4"
"MU";"4106902";"Curitiba (PR)";"Pública";"88,1";"88,4";"88,9"
"MU";"4106902";"Curitiba (PR)";"Privada";"92,7";"92,9";"93,0"
"MU";"4205407";"Florianópolis (SC)";"Total";"91,2";"89,0";"93,8"
"MU";"4205407";"Florianópolis (SC)";"Pública";"91,0";"88,4";"94,5"
"MU";"4205407";"Florianópolis (SC)";"Privada";"95,8";"95,0";"96,8"
"MU";"4314902";"Porto Alegre (RS)";"Total";"88,2";"87,4";"90,5"
"MU";"4314902";"Porto Alegre (RS)";"Pública";"88,2";"87,2";"90,8"
"MU";"4314902";"Porto Alegre (RS)";"Privada";"94,7";"95,1";"95,5"
"MU";"5002704";"Campo Grande (MS)";"Total";"90,8";"90,9";"91,7"
"MU";"5002704";"Campo Grande (MS)";"Pública";"91,0";"90,9";"92,0"
"MU";"5002704";"Campo Grande (MS)";"Privada";"96,0";"97,3";"97,9"
"MU";"5103403";"Cuiabá (MT)";"Total";"84,6";"84,0";"85,9"
"MU";"5103403";"Cuiabá (MT)";"Pública";"84,8";"84,1";"86,4"
"MU";"5103403";"Cuiabá (MT)";"Privada";"89,0";"89,1";"89,2"
"MU";"5208707";"Goiânia (GO)";"Total";"89,6";"88,1";"92,1"
"MU";"5208707";"Goiânia (GO)";"Pública";"89,0";"86,9";"92,6"
"MU";"5208707";"Goiânia (GO)";"Privada";"92,9";"93,0";"93,8"
"MU";"5300108";"Brasília (DF)";"Total";"89,5";"88,9";"90,6"
"MU";"5300108";"Brasília (DF)";"Pública";"89,7";"89,3";"90,3"
"MU";"5300108";"Brasília (DF)";"Privada";"94,0";"92,6";"96,4"
"CJ";"1";"Capital de Unidade da Federação";"Total";"86,2";"85,8";"87,0"
"CJ";"1";"Capital de Unidade da Federação";"Pública";"85,7";"85,1";"86,8"
"CJ";"1";"Capital de Unidade da Federação";"Privada";"88,9";"89,1";"89,0"
"CJ";"2";"Não capital de Unidade da Federação";"Total";"88,6";"87,4";"89,9"
"CJ";"2";"Não capital de Unidade da Federação";"Pública";"88,6";"87,3";"90,1"
"CJ";"2";"Não capital de Unidade da Federação";"Privada";"89,8";"90,8";"89,7"
"Fonte: IBGE - Pesquisa Nacional de Saúde do Escolar"

""
"Legenda"
"Símbolo";"Significado"
"-";"Zero absoluto, não resultante de um cálculo ou arredondamento.
Ex: Em determinado município não existem pessoas de 14 anos de idade sem instrução."
"0";"Zero resultante de um cálculo ou arredondamento.
Ex: A inflação do feijão em determinada Região Metropolitana foi 0.
Determinado município produziu 400 kg de sementes de girassol e os dados da tabela são expressos em toneladas."
"X";"Valor inibido para não identificar o informante.
Ex: Determinado município só possui uma empresa produtora de cimento, logo o valor de sua produção deve ser inibido."
"..";"Valor não se aplica.
Ex: Não se pode obter o total da produção agrícola em determinado município quando os produtos agrícolas são contabilizados com unidades de medida distintas."
"...";"Valor não disponível.
Ex: A produção de feijão em determinado município não foi pesquisada ou determinado município não existia no ano da pesquisa."
"A a Z
(exceto X)";"Significa uma faixa de valores. Varia em função da tabela (se for o caso).
Ex: O nível de precisão da produção estimada de combustíveis está na faixa A (95 a 100%)"
